{
  "config": {
    "experiment_id": "S1",
    "n_traces": 2048
  },
  "experiment_id": "S1",
  "pairs": [],
  "seeds": [
    0,
    1,
    2,
    3,
    4,
    5,
    6,
    7,
    8,
    9
  ],
  "summary": {
    "bias": {
      "ci68": [
        -0.0008327079436675207,
        0.0004276672168075874
      ],
      "ci95": [
        -0.0013023020085975714,
        0.0011464482168803453
      ],
      "mean": -0.00021159040126879093,
      "n": 10,
      "std": 0.00208397326997107
    },
    "corr": {
      "ci68": [
        0.9696837047639308,
        0.9703376662308033
      ],
      "ci95": [
        0.9693211511695139,
        0.9706581634640866
      ],
      "mean": 0.9700146346234664,
      "n": 10,
      "std": 0.0011275488575570474
    },
    "crb_sigma": {
      "ci68": [
        0.07245726732118789,
        0.07245726732118789
      ],
      "ci95": [
        0.07245726732118789,
        0.07245726732118789
      ],
      "mean": 0.07245726732118789,
      "n": 10,
      "std": 1.4628472785736255e-17
    },
    "n_traces": {
      "ci68": [
        2048.0,
        2048.0
      ],
      "ci95": [
        2048.0,
        2048.0
      ],
      "mean": 2048.0,
      "n": 10,
      "std": 0.0
    },
    "rmse": {
      "ci68": [
        0.07168763216127853,
        0.07234512835751433
      ],
      "ci95": [
        0.07132795506063266,
        0.07258666038414804
      ],
      "mean": 0.0720105157518991,
      "n": 10,
      "std": 0.0010884825129744437
    },
    "sigma_over_crb": {
      "ci68": [
        0.9894330456515995,
        0.9981600718347359
      ],
      "ci95": [
        0.9849817121333515,
        1.001904878774779
      ],
      "mean": 0.9936975316500088,
      "n": 10,
      "std": 0.015059460858756197
    },
    "std": {
      "ci68": [
        0.07167445160223798,
        0.0723158233043142
      ],
      "ci95": [
        0.07134523074972793,
        0.07259821445037072
      ],
      "mean": 0.07200060768716929,
      "n": 10,
      "std": 0.0010911673811558633
    }
  }
}