{
  "config": {
    "amplitude_model": "real",
    "experiment_id": "S2",
    "n_traces": 1024
  },
  "experiment_id": "S2",
  "pairs": [],
  "seeds": [
    0,
    1,
    2,
    3,
    4,
    5,
    6,
    7,
    8,
    9
  ],
  "summary": {
    "acceptance_angle_deg": {
      "ci68": [
        3.8316541285237773,
        3.893393998457564
      ],
      "ci95": [
        3.8018025303904985,
        3.920743098577269
      ],
      "mean": 3.8621744800526043,
      "n": 10,
      "std": 0.10312504060977687
    },
    "amp_rmse": {
      "ci68": [
        0.06904136785143603,
        0.06989642111109552
      ],
      "ci95": [
        0.06864393571285576,
        0.0703318141282106
      ],
      "mean": 0.0694791606809275,
      "n": 10,
      "std": 0.0014476129371681916
    },
    "empca_objective_decrease": {
      "ci68": [
        7.62939453125e-07,
        2.288818359375e-06
      ],
      "ci95": [
        0.0,
        3.0517578125e-06
      ],
      "mean": 1.52587890625e-06,
      "n": 10,
      "std": 3.2168351849043576e-06
    },
    "empca_of_coeff_corr": {
      "ci68": [
        0.999781638131129,
        0.9997888875847575
      ],
      "ci95": [
        0.9997784162593336,
        0.9997914013994736
      ],
      "mean": 0.9997851719551196,
      "n": 10,
      "std": 1.1591312902878548e-05
    },
    "n_traces": {
      "ci68": [
        1024.0,
        1024.0
      ],
      "ci95": [
        1024.0,
        1024.0
      ],
      "mean": 1024.0,
      "n": 10,
      "std": 0.0
    },
    "of_truth_corr": {
      "ci68": [
        0.971338555145927,
        0.9721211757221954
      ],
      "ci95": [
        0.9710264815778114,
        0.9725263802362117
      ],
      "mean": 0.9717304950146577,
      "n": 10,
      "std": 0.0013191139672389515
    },
    "template_in_span_angle_deg": {
      "ci68": [
        3.832544931417455,
        3.8932306270208055
      ],
      "ci95": [
        3.8012294110912825,
        3.9230535293995845
      ],
      "mean": 3.8621744800519453,
      "n": 10,
      "std": 0.10312504060967866
    },
    "weighted_angle_deg": {
      "ci68": [
        3.8321520757420187,
        3.891695981472318
      ],
      "ci95": [
        3.803104177776444,
        3.9235657941000563
      ],
      "mean": 3.8621744800526043,
      "n": 10,
      "std": 0.10312504060977687
    },
    "weighted_cosine": {
      "ci68": [
        0.9976923490038342,
        0.9977640484537688
      ],
      "ci95": [
        0.9976593322542655,
        0.9977998309111963
      ],
      "mean": 0.9977275092671706,
      "n": 10,
      "std": 0.0001213517474085303
    }
  }
}