{
  "config": {
    "experiment_id": "S3",
    "optimizers": [
      "lbfgs"
    ]
  },
  "experiment_id": "S3",
  "pairs": [],
  "seeds": [
    0,
    1,
    2,
    3,
    4,
    5,
    6,
    7,
    8,
    9
  ],
  "summary": {
    "m_orthonormality_error": {
      "ci68": [
        5.4811729184552756e-09,
        1.0611732631734804e-08
      ],
      "ci95": [
        3.702429595270246e-09,
        1.3785321953203834e-08
      ],
      "mean": 8.068248862742839e-09,
      "n": 10,
      "std": 8.48547791485428e-09
    },
    "max_principal_angle_deg": {
      "ci68": [
        1.5585292931303199e-06,
        2.205158686229462e-06
      ],
      "ci95": [
        1.271015870987932e-06,
        2.5198854612879034e-06
      ],
      "mean": 1.8847573121617559e-06,
      "n": 10,
      "std": 1.0749394505766192e-06
    },
    "mean_principal_angle_deg": {
      "ci68": [
        1.5650484833159558e-06,
        2.2346190444830517e-06
      ],
      "ci95": [
        1.2532564176026073e-06,
        2.524288110418704e-06
      ],
      "mean": 1.8847573121617559e-06,
      "n": 10,
      "std": 1.0749394505766192e-06
    },
    "optimal_loss": {
      "ci68": [
        123.49735703460713,
        123.84866842248535
      ],
      "ci95": [
        123.36712383688042,
        124.02630967196804
      ],
      "mean": 123.67589360252593,
      "n": 10,
      "std": 0.5787775113218838
    },
    "rank": {
      "ci68": [
        3.0,
        3.0
      ],
      "ci95": [
        3.0,
        3.0
      ],
      "mean": 3.0,
      "n": 10,
      "std": 0.0
    },
    "reconstruction_rmse": {
      "ci68": [
        6.126593717505325e-09,
        7.887784386296587e-09
      ],
      "ci95": [
        5.404516863107528e-09,
        8.717818199881611e-09
      ],
      "mean": 7.008139577339914e-09,
      "n": 10,
      "std": 2.81601828661025e-09
    },
    "relative_gap": {
      "ci68": [
        1.3846424422003437e-16,
        2.5260178473270693e-16
      ],
      "ci95": [
        9.206975808050304e-17,
        2.9895528315041024e-16
      ],
      "mean": 1.9527821110182862e-16,
      "n": 10,
      "std": 1.7965070602051468e-16
    },
    "runs.direct_lbfgs.final_loss": {
      "ci68": [
        123.4964638827006,
        123.84969439522928
      ],
      "ci95": [
        123.35840057837824,
        124.01433642482053
      ],
      "mean": 123.67589360252593,
      "n": 10,
      "std": 0.5787775113218857
    },
    "runs.direct_lbfgs.m_orthonormality_error": {
      "ci68": [
        5.446429937231063e-09,
        1.0639073441494563e-08
      ],
      "ci95": [
        3.4653467009590427e-09,
        1.3512776698826925e-08
      ],
      "mean": 8.068248862742839e-09,
      "n": 10,
      "std": 8.48547791485428e-09
    },
    "runs.direct_lbfgs.max_principal_angle_deg": {
      "ci68": [
        1.5578962935914496e-06,
        2.2138204380365894e-06
      ],
      "ci95": [
        1.2793195216437456e-06,
        2.533878481793785e-06
      ],
      "mean": 1.8847573121617559e-06,
      "n": 10,
      "std": 1.0749394505766192e-06
    },
    "runs.direct_lbfgs.n_iter": {
      "ci68": [
        73.9,
        75.4
      ],
      "ci95": [
        73.3,
        76.1
      ],
      "mean": 74.7,
      "n": 10,
      "std": 2.359378449224852
    },
    "runs.direct_lbfgs.optimality_gap": {
      "ci68": [
        1.7053025658242404e-14,
        2.984279490192421e-14
      ],
      "ci95": [
        1.1368683772161604e-14,
        3.836930773104541e-14
      ],
      "mean": 2.4158453015843406e-14,
      "n": 10,
      "std": 2.2268711127145778e-14
    },
    "runs.direct_lbfgs.reconstruction_rmse_vs_empca": {
      "ci68": [
        6.215315437893951e-09,
        7.870017869258073e-09
      ],
      "ci95": [
        5.4761773045381105e-09,
        8.639540522575196e-09
      ],
      "mean": 7.008139577339914e-09,
      "n": 10,
      "std": 2.81601828661025e-09
    },
    "runs.direct_lbfgs.relative_gap": {
      "ci68": [
        1.38093541894706e-16,
        2.5173635484751076e-16
      ],
      "ci95": [
        9.208282655468165e-17,
        2.9848342508774973e-16
      ],
      "mean": 1.9527821110182862e-16,
      "n": 10,
      "std": 1.7965070602051468e-16
    },
    "runs.whitened_lbfgs.final_loss": {
      "ci68": [
        123.50523101266236,
        123.85470044031443
      ],
      "ci95": [
        123.35418769925694,
        124.01989655057461
      ],
      "mean": 123.67589360252593,
      "n": 10,
      "std": 0.578777511321882
    },
    "runs.whitened_lbfgs.m_orthonormality_error": {
      "ci68": [
        2.348302291525719e-09,
        1.1414156197462272e-08
      ],
      "ci95": [
        1.6008395849201958e-09,
        1.6082035906243246e-08
      ],
      "mean": 6.891050177724552e-09,
      "n": 10,
      "std": 1.4112392706098705e-08
    },
    "runs.whitened_lbfgs.max_principal_angle_deg": {
      "ci68": [
        6.830189170012751e-07,
        1.145270202474486e-06
      ],
      "ci95": [
        4.976157478206249e-07,
        1.3928527257374779e-06
      ],
      "mean": 9.275143582638765e-07,
      "n": 10,
      "std": 7.635320333660308e-07
    },
    "runs.whitened_lbfgs.n_iter": {
      "ci68": [
        29.0,
        31.0
      ],
      "ci95": [
        27.9,
        31.9
      ],
      "mean": 30.0,
      "n": 10,
      "std": 3.366501646120693
    },
    "runs.whitened_lbfgs.optimality_gap": {
      "ci68": [
        -4.263256414560601e-15,
        2.842170943040401e-15
      ],
      "ci95": [
        -8.526512829121202e-15,
        5.684341886080802e-15
      ],
      "mean": -1.4210854715202005e-15,
      "n": 10,
      "std": 1.244295384269255e-14
    },
    "runs.whitened_lbfgs.reconstruction_rmse_vs_empca": {
      "ci68": [
        1.0359634377816979e-09,
        1.4563408853745628e-09
      ],
      "ci95": [
        8.452007012524831e-10,
        1.7123749024513912e-09
      ],
      "mean": 1.2506858704774257e-09,
      "n": 10,
      "std": 7.198459701106083e-10
    },
    "runs.whitened_lbfgs.relative_gap": {
      "ci68": [
        -4.579327301886243e-17,
        2.2931691641224313e-17
      ],
      "ci95": [
        -6.893608394653143e-17,
        4.611542493122418e-17
      ],
      "mean": -1.1432288301051698e-17,
      "n": 10,
      "std": 1.0066389631055914e-16
    }
  }
}