{
  "config": {
    "experiment_id": "S4",
    "test_frac": 0.5
  },
  "experiment_id": "S4",
  "pairs": [
    {
      "ci68": [
        0.0,
        0.0
      ],
      "ci95": [
        0.0,
        0.0
      ],
      "ci95_excludes_zero": false,
      "comparison": "pca_weighted_residual - empca_weighted_residual",
      "fraction_positive": 0.0,
      "mean_difference": 0.0,
      "n": 10,
      "std": 0.0
    }
  ],
  "seeds": [
    0,
    1,
    2,
    3,
    4,
    5,
    6,
    7,
    8,
    9
  ],
  "summary": {
    "empca_mse": {
      "ci68": [
        0.0024663158487856548,
        0.00247700595893041
      ],
      "ci95": [
        0.002460616746969521,
        0.0024821725142311736
      ],
      "mean": 0.002471615846672276,
      "n": 10,
      "std": 1.7856895205411644e-05
    },
    "empca_weighted_residual": {
      "ci68": [
        0.00246634883273834,
        0.0024767631008851816
      ],
      "ci95": [
        0.0024615489782193038,
        0.002481659306643894
      ],
      "mean": 0.002471615846672276,
      "n": 10,
      "std": 1.785689520541164e-05
    },
    "max_principal_angle_deg": {
      "ci68": [
        1.3730615999186074e-06,
        1.5936523581331238e-06
      ],
      "ci95": [
        1.2598822001652777e-06,
        1.7059662254281993e-06
      ],
      "mean": 1.4849087406945663e-06,
      "n": 10,
      "std": 3.765637569107309e-07
    },
    "n_test": {
      "ci68": [
        256.0,
        256.0
      ],
      "ci95": [
        256.0,
        256.0
      ],
      "mean": 256.0,
      "n": 10,
      "std": 0.0
    },
    "pca_mse": {
      "ci68": [
        0.0024663546165109218,
        0.0024769073237734624
      ],
      "ci95": [
        0.0024609806853970895,
        0.0024821144019982213
      ],
      "mean": 0.002471615846672276,
      "n": 10,
      "std": 1.7856895205411644e-05
    },
    "pca_weighted_residual": {
      "ci68": [
        0.002466010689920583,
        0.0024768740510012067
      ],
      "ci95": [
        0.002460964450359543,
        0.0024820309449156137
      ],
      "mean": 0.002471615846672276,
      "n": 10,
      "std": 1.785689520541164e-05
    }
  }
}