{
  "config": {
    "experiment_id": "S5",
    "test_frac": 0.5
  },
  "experiment_id": "S5",
  "pairs": [
    {
      "ci68": [
        0.5323181894623383,
        0.5586280703240671
      ],
      "ci95": [
        0.5189668716564515,
        0.571008707840226
      ],
      "ci95_excludes_zero": true,
      "comparison": "pca_weighted_residual_to_observed - weighted_pca_weighted_residual_to_observed",
      "fraction_positive": 1.0,
      "mean_difference": 0.5455429551239291,
      "n": 10,
      "std": 0.044960729937285615
    }
  ],
  "seeds": [
    0,
    1,
    2,
    3,
    4,
    5,
    6,
    7,
    8,
    9
  ],
  "summary": {
    "n_test": {
      "ci68": [
        256.0,
        256.0
      ],
      "ci95": [
        256.0,
        256.0
      ],
      "mean": 256.0,
      "n": 10,
      "std": 0.0
    },
    "pca_clean_mse_diagnostic": {
      "ci68": [
        2968.5034360100667,
        3102.8425128811796
      ],
      "ci95": [
        2905.4087989271234,
        3164.9293938753776
      ],
      "mean": 3035.7025757508013,
      "n": 10,
      "std": 219.91243764334527
    },
    "pca_nll_mean": {
      "ci68": [
        1026.84742461805,
        1030.0105781534166
      ],
      "ci95": [
        1025.4428938763335,
        1031.6559984910955
      ],
      "mean": 1028.4324964951163,
      "n": 10,
      "std": 5.316872297451672
    },
    "pca_raw_residual_to_observed": {
      "ci68": [
        2310.867702689501,
        2379.686818473393
      ],
      "ci95": [
        2280.6973669484973,
        2412.1943166948713
      ],
      "mean": 2345.0994675411603,
      "n": 10,
      "std": 116.1964320362202
    },
    "pca_weighted_residual_to_observed": {
      "ci68": [
        48.413637683054944,
        48.56391792186536
      ],
      "ci95": [
        48.34758780263492,
        48.64011637577673
      ],
      "mean": 48.49041700023018,
      "n": 10,
      "std": 0.25068962301272996
    },
    "rank": {
      "ci68": [
        2.0,
        2.0
      ],
      "ci95": [
        2.0,
        2.0
      ],
      "mean": 2.0,
      "n": 10,
      "std": 0.0
    },
    "subspace_angle_deg_max": {
      "ci68": [
        84.58787984905989,
        86.23891867676203
      ],
      "ci95": [
        83.72385969705475,
        87.00151691304961
      ],
      "mean": 85.44235500646892,
      "n": 10,
      "std": 2.821016740301302
    },
    "weighted_pca_clean_mse_diagnostic": {
      "ci68": [
        34.45010408384361,
        42.41294341729615
      ],
      "ci95": [
        31.05610337831011,
        45.85738949117885
      ],
      "mean": 38.55101595650134,
      "n": 10,
      "std": 12.688118446076777
    },
    "weighted_pca_nll_mean": {
      "ci68": [
        1015.2632399143895,
        1018.3677340946925
      ],
      "ci95": [
        1013.9119541969465,
        1019.7355312088956
      ],
      "mean": 1016.8620844840018,
      "n": 10,
      "std": 5.16766731438633
    },
    "weighted_pca_raw_residual_to_observed": {
      "ci68": [
        5281.296541529445,
        5423.283415920513
      ],
      "ci95": [
        5205.650782404872,
        5478.929931286577
      ],
      "mean": 5351.382301823015,
      "n": 10,
      "std": 237.2636223754221
    },
    "weighted_pca_weighted_residual_to_observed": {
      "ci68": [
        47.86835087558807,
        48.02093494872131
      ],
      "ci95": [
        47.79804178420063,
        48.098243178824795
      ],
      "mean": 47.944874045106246,
      "n": 10,
      "std": 0.24365463348059596
    }
  }
}