{
  "config": {
    "experiment_id": "S6",
    "test_frac": 0.5
  },
  "experiment_id": "S6",
  "pairs": [
    {
      "ci68": [
        0.2464537459292299,
        0.2506371823364401
      ],
      "ci95": [
        0.24420776822128387,
        0.2528274044712062
      ],
      "ci95_excludes_zero": true,
      "comparison": "weighted_residual_by_rank.0 - weighted_residual_by_rank.5",
      "fraction_positive": 1.0,
      "mean_difference": 0.2484995834828549,
      "n": 10,
      "std": 0.007291021112041076
    }
  ],
  "seeds": [
    0,
    1,
    2,
    3,
    4,
    5,
    6,
    7,
    8,
    9
  ],
  "summary": {
    "best_rank_by_clean_mse": {
      "ci68": [
        4.4,
        4.8
      ],
      "ci95": [
        4.2,
        5.0
      ],
      "mean": 4.6,
      "n": 10,
      "std": 0.6992058987801011
    },
    "clean_mse_by_rank.0": {
      "ci68": [
        0.013083665192480515,
        0.013465736219053347
      ],
      "ci95": [
        0.012891175641317424,
        0.013688700193551277
      ],
      "mean": 0.013273496810525972,
      "n": 10,
      "std": 0.000670108530537254
    },
    "clean_mse_by_rank.1": {
      "ci68": [
        0.00353671642899715,
        0.00382161536270347
      ],
      "ci95": [
        0.0033900777416096648,
        0.003965265653870474
      ],
      "mean": 0.0036786000909014445,
      "n": 10,
      "std": 0.00048400813211118215
    },
    "clean_mse_by_rank.2": {
      "ci68": [
        0.0018922045105555,
        0.0020439402421922504
      ],
      "ci95": [
        0.0018293139304469044,
        0.002122205755306945
      ],
      "mean": 0.001968649469509508,
      "n": 10,
      "std": 0.0002563384370576326
    },
    "clean_mse_by_rank.3": {
      "ci68": [
        0.001721362384404795,
        0.0018343409555153275
      ],
      "ci95": [
        0.0016728641820940439,
        0.0018914534033023537
      ],
      "mean": 0.0017772527328260707,
      "n": 10,
      "std": 0.00018715881547784398
    },
    "clean_mse_by_rank.4": {
      "ci68": [
        0.0017212034946122068,
        0.0018246460108026778
      ],
      "ci95": [
        0.0016827682150736334,
        0.0018779536724203157
      ],
      "mean": 0.0017742522621188989,
      "n": 10,
      "std": 0.00017092894069744685
    },
    "clean_mse_by_rank.5": {
      "ci68": [
        0.0017646824662929657,
        0.0018541968757326231
      ],
      "ci95": [
        0.0017240467086210049,
        0.0019050079552737698
      ],
      "mean": 0.0018098680445322525,
      "n": 10,
      "std": 0.0001524309428208997
    },
    "n_test": {
      "ci68": [
        200.0,
        200.0
      ],
      "ci95": [
        200.0,
        200.0
      ],
      "mean": 200.0,
      "n": 10,
      "std": 0.0
    },
    "of_amplitude_bias": {
      "ci68": [
        -0.18317498135178234,
        -0.1793381298398997
      ],
      "ci95": [
        -0.18504304862422516,
        -0.17753779574792278
      ],
      "mean": -0.1812746751570122,
      "n": 10,
      "std": 0.006662191459971793
    },
    "of_weighted_residual": {
      "ci68": [
        1.4107054761880544,
        1.4287763787920258
      ],
      "ci95": [
        1.4030559490818426,
        1.437307764499886
      ],
      "mean": 1.4198585543488487,
      "n": 10,
      "std": 0.029946338527914507
    },
    "ranks.0": {
      "ci68": [
        1.0,
        1.0
      ],
      "ci95": [
        1.0,
        1.0
      ],
      "mean": 1.0,
      "n": 10,
      "std": 0.0
    },
    "ranks.1": {
      "ci68": [
        2.0,
        2.0
      ],
      "ci95": [
        2.0,
        2.0
      ],
      "mean": 2.0,
      "n": 10,
      "std": 0.0
    },
    "ranks.2": {
      "ci68": [
        3.0,
        3.0
      ],
      "ci95": [
        3.0,
        3.0
      ],
      "mean": 3.0,
      "n": 10,
      "std": 0.0
    },
    "ranks.3": {
      "ci68": [
        4.0,
        4.0
      ],
      "ci95": [
        4.0,
        4.0
      ],
      "mean": 4.0,
      "n": 10,
      "std": 0.0
    },
    "ranks.4": {
      "ci68": [
        5.0,
        5.0
      ],
      "ci95": [
        5.0,
        5.0
      ],
      "mean": 5.0,
      "n": 10,
      "std": 0.0
    },
    "ranks.5": {
      "ci68": [
        6.0,
        6.0
      ],
      "ci95": [
        6.0,
        6.0
      ],
      "mean": 6.0,
      "n": 10,
      "std": 0.0
    },
    "weighted_residual_by_rank.0": {
      "ci68": [
        1.2392501809281335,
        1.2457585055151592
      ],
      "ci95": [
        1.2362923246972373,
        1.2495043023552759
      ],
      "mean": 1.242645087573171,
      "n": 10,
      "std": 0.011109816654818881
    },
    "weighted_residual_by_rank.1": {
      "ci68": [
        1.1077671824814859,
        1.1163679178703965
      ],
      "ci95": [
        1.1037224517001738,
        1.1209245579302067
      ],
      "mean": 1.112147392986871,
      "n": 10,
      "std": 0.014277787606606742
    },
    "weighted_residual_by_rank.2": {
      "ci68": [
        1.0473845635452477,
        1.0533000254642635
      ],
      "ci95": [
        1.0444192222476287,
        1.0560938564983164
      ],
      "mean": 1.050232697346146,
      "n": 10,
      "std": 0.009829039516754063
    },
    "weighted_residual_by_rank.3": {
      "ci68": [
        1.0161586105887974,
        1.0210969367091653
      ],
      "ci95": [
        1.0139438048384777,
        1.0235554162854668
      ],
      "mean": 1.0185011285987469,
      "n": 10,
      "std": 0.008127349090428457
    },
    "weighted_residual_by_rank.4": {
      "ci68": [
        1.0019504976850306,
        1.006928018847677
      ],
      "ci95": [
        0.9998949593962095,
        1.0094073881658372
      ],
      "mean": 1.0044149722986,
      "n": 10,
      "std": 0.008196076325870947
    },
    "weighted_residual_by_rank.5": {
      "ci68": [
        0.9917144051205966,
        0.9964273056015442
      ],
      "ci95": [
        0.9898815492227983,
        0.998813790961868
      ],
      "mean": 0.994145504090316,
      "n": 10,
      "std": 0.007814975919869979
    }
  }
}