{
  "config": {
    "experiment_id": "S7"
  },
  "experiment_id": "S7",
  "pairs": [],
  "seeds": [
    0,
    1,
    2,
    3,
    4,
    5,
    6,
    7,
    8,
    9
  ],
  "summary": {
    "identity_sigma_over_oracle": {
      "ci68": [
        1.782690345915535,
        1.8099510200340332
      ],
      "ci95": [
        1.772463953393403,
        1.823841275494235
      ],
      "mean": 1.7958506787312074,
      "n": 10,
      "std": 0.044072660217657884
    },
    "n_noise_traces.0": {
      "ci68": [
        10.0,
        10.0
      ],
      "ci95": [
        10.0,
        10.0
      ],
      "mean": 10.0,
      "n": 10,
      "std": 0.0
    },
    "n_noise_traces.1": {
      "ci68": [
        30.0,
        30.0
      ],
      "ci95": [
        30.0,
        30.0
      ],
      "mean": 30.0,
      "n": 10,
      "std": 0.0
    },
    "n_noise_traces.2": {
      "ci68": [
        100.0,
        100.0
      ],
      "ci95": [
        100.0,
        100.0
      ],
      "mean": 100.0,
      "n": 10,
      "std": 0.0
    },
    "n_noise_traces.3": {
      "ci68": [
        300.0,
        300.0
      ],
      "ci95": [
        300.0,
        300.0
      ],
      "mean": 300.0,
      "n": 10,
      "std": 0.0
    },
    "n_noise_traces.4": {
      "ci68": [
        1000.0,
        1000.0
      ],
      "ci95": [
        1000.0,
        1000.0
      ],
      "mean": 1000.0,
      "n": 10,
      "std": 0.0
    },
    "oracle_sigma": {
      "ci68": [
        0.08583351680877863,
        0.08698716004802275
      ],
      "ci95": [
        0.08522693931430587,
        0.08745762680693796
      ],
      "mean": 0.08641037079665619,
      "n": 10,
      "std": 0.0018866322135865348
    },
    "relative_covariance_error.0": {
      "ci68": [
        0.8335730208244824,
        0.8721148442965814
      ],
      "ci95": [
        0.8156148397443541,
        0.8925072015584489
      ],
      "mean": 0.8533921856316257,
      "n": 10,
      "std": 0.06504796274140875
    },
    "relative_covariance_error.1": {
      "ci68": [
        0.47223552051045575,
        0.5357800657321451
      ],
      "ci95": [
        0.46259027510212863,
        0.5734686306052611
      ],
      "mean": 0.5055360942421461,
      "n": 10,
      "std": 0.10298988518457658
    },
    "relative_covariance_error.2": {
      "ci68": [
        0.3082139687356109,
        0.32329030524395536
      ],
      "ci95": [
        0.30096547045042016,
        0.33216263272264746
      ],
      "mean": 0.3155663470627958,
      "n": 10,
      "std": 0.02581999339570922
    },
    "relative_covariance_error.3": {
      "ci68": [
        0.16816293428038562,
        0.1845070203105052
      ],
      "ci95": [
        0.16061673486608719,
        0.1914637457177706
      ],
      "mean": 0.17642305206071066,
      "n": 10,
      "std": 0.02648582415772821
    },
    "relative_covariance_error.4": {
      "ci68": [
        0.09122031952360075,
        0.09842582200612707
      ],
      "ci95": [
        0.088438673568682,
        0.10214157256818258
      ],
      "mean": 0.0947361520127138,
      "n": 10,
      "std": 0.011462139480599135
    },
    "sigma_over_oracle.0": {
      "ci68": [
        1.6929212493076025,
        1.7719596538788414
      ],
      "ci95": [
        1.6630147605472287,
        1.8150778498776523
      ],
      "mean": 1.7330529097502736,
      "n": 10,
      "std": 0.13101832922801165
    },
    "sigma_over_oracle.1": {
      "ci68": [
        1.4815193572258831,
        1.6068966248753649
      ],
      "ci95": [
        1.4341658378347995,
        1.672654433576357
      ],
      "mean": 1.5440713632013343,
      "n": 10,
      "std": 0.20453245917557977
    },
    "sigma_over_oracle.2": {
      "ci68": [
        1.1612551032538097,
        1.2007508188890728
      ],
      "ci95": [
        1.1502969835275225,
        1.222293088605927
      ],
      "mean": 1.1812930684711813,
      "n": 10,
      "std": 0.06281660997909899
    },
    "sigma_over_oracle.3": {
      "ci68": [
        1.0675271810130287,
        1.0778041540633996
      ],
      "ci95": [
        1.0620185354977054,
        1.0825427942256822
      ],
      "mean": 1.0724073727887837,
      "n": 10,
      "std": 0.017217730983593575
    },
    "sigma_over_oracle.4": {
      "ci68": [
        1.0277654265855998,
        1.0353923578259607
      ],
      "ci95": [
        1.0247082592462744,
        1.039759983772373
      ],
      "mean": 1.0316329624301634,
      "n": 10,
      "std": 0.012433765154092979
    }
  }
}