{
  "config": {
    "experiment_id": "S8"
  },
  "experiment_id": "S8",
  "pairs": [],
  "seeds": [
    0,
    1,
    2,
    3,
    4,
    5,
    6,
    7,
    8,
    9
  ],
  "summary": {
    "mean_chi2_per_dof": {
      "ci68": [
        0.9960808662235567,
        0.9984624958092615
      ],
      "ci95": [
        0.9950927966700931,
        0.9998531326909808
      ],
      "mean": 0.9972805292646909,
      "n": 10,
      "std": 0.00409233599151083
    },
    "std_chi2_per_dof": {
      "ci68": [
        0.12505031229959926,
        0.12694877985963657
      ],
      "ci95": [
        0.124210088066775,
        0.12769241165147677
      ],
      "mean": 0.1259748012326463,
      "n": 10,
      "std": 0.0030323834444226263
    },
    "whitened_covariance_relative_error": {
      "ci68": [
        0.5026943642903221,
        0.5049338818367192
      ],
      "ci95": [
        0.5014654609589161,
        0.5058352847951888
      ],
      "mean": 0.5038387621665846,
      "n": 10,
      "std": 0.003733244358482498
    },
    "whitened_lag1_autocorrelation": {
      "ci68": [
        0.002607331231473719,
        0.0046792293797494056
      ],
      "ci95": [
        0.0016102623197706265,
        0.005735664126134191
      ],
      "mean": 0.0036472718517639676,
      "n": 10,
      "std": 0.0034676950725260345
    }
  }
}