{
  "config": {
    "experiment_id": "S9"
  },
  "experiment_id": "S9",
  "pairs": [
    {
      "ci68": [
        0.0005359406327910357,
        0.0005537195393604533
      ],
      "ci95": [
        0.0005287273181901128,
        0.0005626078563217477
      ],
      "ci95_excludes_zero": true,
      "comparison": "diagonal_true_weighted_residual - full_true_weighted_residual",
      "fraction_positive": 1.0,
      "mean_difference": 0.0005451311717560193,
      "n": 10,
      "std": 2.9192786007295116e-05
    }
  ],
  "seeds": [
    0,
    1,
    2,
    3,
    4,
    5,
    6,
    7,
    8,
    9
  ],
  "summary": {
    "correlation_strength": {
      "ci68": [
        0.4,
        0.4
      ],
      "ci95": [
        0.4,
        0.4
      ],
      "mean": 0.4,
      "n": 10,
      "std": 0.0
    },
    "diagonal_covariance_sigma": {
      "ci68": [
        0.09472743076068775,
        0.09620751221018964
      ],
      "ci95": [
        0.09403202980256947,
        0.09697421820292966
      ],
      "mean": 0.09547640395948068,
      "n": 10,
      "std": 0.002466081795688529
    },
    "diagonal_over_full_sigma": {
      "ci68": [
        1.0222921542853698,
        1.0274523756238632
      ],
      "ci95": [
        1.0200452632366985,
        1.0300281616787448
      ],
      "mean": 1.024907286395959,
      "n": 10,
      "std": 0.00845426244170879
    },
    "diagonal_true_weighted_residual": {
      "ci68": [
        0.9885078608666429,
        0.990757739934578
      ],
      "ci95": [
        0.9877375007783378,
        0.992026857319013
      ],
      "mean": 0.9896637006715523,
      "n": 10,
      "std": 0.003557347356921244
    },
    "full_covariance_sigma": {
      "ci68": [
        0.09227090767532127,
        0.094072672856534
      ],
      "ci95": [
        0.09149516844755193,
        0.09491444155401939
      ],
      "mean": 0.09317225267162002,
      "n": 10,
      "std": 0.0029260230936202346
    },
    "full_true_weighted_residual": {
      "ci68": [
        0.9880806665572268,
        0.9901745328754159
      ],
      "ci95": [
        0.9872195924391141,
        0.9913363036435191
      ],
      "mean": 0.9891185694997962,
      "n": 10,
      "std": 0.0035471629141347583
    }
  }
}