setup,k,chi2_proxy_mean,chi2_proxy_std,relative_drop_vs_k1
setup_B_multiD,1,45540.166430601836,10226.902625204806,0.0
setup_B_multiD,2,37772.82524543669,3368.7003135422383,0.17056022834263712
setup_B_multiD,3,35679.99644884313,1985.3018450433663,0.21651589694527165
setup_B_multiD,4,35071.85410146508,1568.7801456176473,0.2298698742150911
setup_B_multiD,5,34809.16062472423,1302.4792801008155,0.23563826500789073
setup_B_multiD,6,34705.80828370406,1233.0300196922935,0.23790774158474234
setup_B_multiD,7,34675.486811959156,1211.4624418401713,0.23857355978703432
setup_B_multiD,8,34665.793115233995,1206.3288456494306,0.23878642015810767
