method,mean_relative_bias,rmse
OF_nominal,-0.14581322226048604,23.136772757321566
EMPCA_k1,-0.017582098406655755,9.523535075356923
EMPCA_k2,-0.008792537089293931,3.5727931899360663
