pass,amplitude_rmse,weighted_residual_mean
contaminated_fit,18.80801348263302,52192.91890710486
flagged_refit,19.22915234027455,51632.47365071182
