scenario,method,residual_mean,relative_degradation_vs_clean
piecewise_drift,of_rank1,5913382643.806956,54197.52530513759
piecewise_drift,weighted_rank1,5913382588.843819,54147.11548059589
piecewise_drift,weighted_rank3,5928343070.4542885,-0.8677162137155809
piecewise_drift,isotropic_rank3,5932122870.464244,-0.9097148363351127
artifact_rich,of_rank1,27204463699.244995,249338.8284923096
artifact_rich,weighted_rank1,27204457562.88167,249106.86467308569
artifact_rich,weighted_rank3,72061500649.99461,0.6079649976444307
artifact_rich,isotropic_rank3,92719099340.8856,0.41115739536219076
