weighted_subspace_cosine,amplitude_correlation,median_relative_error,residual_ks_pvalue
0.9985229415181583,0.9999993201578565,0.0029196212398249557,0.9999007347628557
