n_events,amp_min,amp_max,weighted_cosine_template_vs_empca,of_truth_bias,emp_truth_bias,of_truth_rmse,emp_truth_rmse
64,0.9,1.1,0.9999999562104094,-2.7312110056226376e-06,-2.7311170664670377e-06,9.669461194878745e-06,9.668990207474542e-06
64,0.7,1.3,0.9999999542753127,-2.7312110056226376e-06,-2.7309294551730164e-06,9.669461194807423e-06,9.668975355570008e-06
128,0.9,1.1,0.999999979537898,5.154761932972818e-06,5.154785276557661e-06,1.0635075479432858e-05,1.0634680171233653e-05
128,0.7,1.3,0.9999999802201788,5.154761932946173e-06,5.154829849565168e-06,1.0635075479330045e-05,1.0634721077495387e-05
256,0.9,1.1,0.999999989522934,-9.284762063327945e-07,-9.284578293378796e-07,1.0970572090771715e-05,1.0970548322969884e-05
256,0.7,1.3,0.9999999899021326,-9.284762063153792e-07,-9.284209397898184e-07,1.0970572090774882e-05,1.0970519962319337e-05
512,0.9,1.1,0.9999999947538738,3.971522207121798e-07,3.971554500103463e-07,1.0395006489666094e-05,1.0394941844139554e-05
512,0.7,1.3,0.9999999948596735,3.971522207208029e-07,3.971663222853791e-07,1.0395006489623364e-05,1.0394937095580184e-05
