k,principal_angle_cosines,principal_angles_deg,residual_mean_a,residual_mean_b,relative_mean_diff,ks_statistic,ks_pvalue
1,[0.9999999999999999],[8.537736462515939e-07],45540.166430601836,45540.166430601836,0.0,0.03125,1.0
2,"[1.0, 0.9999999999999966]","[0.0, 4.7536104815230715e-06]",107133.19203206654,37772.82524543669,1.8362504349607587,1.0,1.0913312529929464e-18
3,"[1.0, 1.0, 0.9999999999999958]","[0.0, 0.0, 5.263014220319208e-06]",227991.5494435383,35679.99644884313,5.389898322171234,1.0,1.0913312529929464e-18
