k,weighted_residual_mean,weighted_residual_std,isotropic_residual_mean,isotropic_residual_std,relative_gain_weighted_vs_isotropic
1,103994.58552270316,81493.39179400948,103994.18694237249,81491.63382419884,-3.832717408447679e-06
2,34899.6992047185,2742.7275913308076,6215530880.590337,1448133313.4199877,0.99999438508152
3,33051.42477739684,189.5125520445061,57684205660.50185,13451351359.731718,0.9999994270281718
4,33049.53152851599,189.50991996434846,63772562053.77259,14870500308.774324,0.9999994817593889
5,33047.68346403704,189.68069085690618,65179922743.80774,15199074613.75559,0.9999994929775601
6,33045.911540759625,189.68092733706402,66185895314.47986,15433935977.038963,0.9999995007106668
