method,arrival_time_rmse_samples,amplitude_rmse,mean_relative_bias
time_shift_OF,58.78308524717827,62.37444600178978,-0.34285653924743975
fixed_OF,,150.43804171804905,-1.0006873322468695
