component,proxy,pearson_r
PC1,amplitude_proxy,-0.9998531443459827
PC1,timing_proxy,0.16419298839007565
PC1,width_proxy,0.9962379097978347
PC2,amplitude_proxy,-0.10032255000799913
PC2,timing_proxy,0.9942938075246497
PC2,width_proxy,0.10445405559885665
PC3,amplitude_proxy,0.9983486472207355
PC3,timing_proxy,-0.12860657042264195
PC3,width_proxy,-0.9965300478544237
