{
  "amplitude_bias": 1.3251444101333618,
  "amplitude_corr": 0.9697277334073632,
  "amplitude_rmse": 3.669251545548845,
  "eval_loss": 1644402.86875,
  "n_test_batches": 20,
  "n_test_examples": 307,
  "of_metrics_status": "ok",
  "of_mode": "shifted",
  "of_reference_amplitude_rmse": 13.10623103733836,
  "of_reference_timing_rmse": 0.0,
  "reconstruction_mse": 23933668.4,
  "timing_bias": -4034.90869140625,
  "timing_rmse": 4034.9088123250694,
  "weighted_residual_mean": 1644402.86875
}