{
  "epoch": 65,
  "eval_loss": 1644402.86875,
  "reconstruction_mse": 23933668.4,
  "train_loss": 3032502.2083333335,
  "weighted_residual_mean": 1644402.86875
}