{
  "amplitude_bias": -10417.095703125,
  "amplitude_corr": 0.14955209046384574,
  "amplitude_rmse": 10417.10012331571,
  "eval_loss": 724159403393024.0,
  "n_test_batches": 3,
  "n_test_examples": 39,
  "of_metrics_status": "ok",
  "of_mode": "shifted",
  "of_reference_amplitude_rmse": 10405.901349808239,
  "of_reference_timing_rmse": 6799.0,
  "reconstruction_mse": 30821350.666666668,
  "timing_bias": 2764.128173828125,
  "timing_rmse": 2764.128225345895,
  "weighted_residual_mean": 724159403393024.0
}