epoch,train_loss,eval_loss,weighted_residual_mean,reconstruction_mse
1,1.1866104309307408e+19,1.1863709939485989e+19,1.1863709939485989e+19,30816798.666666668
