{
  "epoch": 1,
  "eval_loss": 1.1865352609857886e+19,
  "reconstruction_mse": 30821350.666666668,
  "train_loss": 1.1866104309307408e+19,
  "weighted_residual_mean": 1.1865352609857886e+19
}