{
  "amplitude_bias": -211.551513671875,
  "amplitude_corr": 0.9698703685763749,
  "amplitude_rmse": 211.5788218079511,
  "eval_loss": 12915.03515625,
  "n_test_batches": 20,
  "n_test_examples": 307,
  "of_metrics_status": "ok",
  "of_mode": "shifted",
  "of_reference_amplitude_rmse": 199.9418521140985,
  "of_reference_timing_rmse": 0.0,
  "reconstruction_mse": 12915.03515625,
  "timing_bias": -4034.90869140625,
  "timing_rmse": 4034.9088123250694,
  "weighted_residual_mean": 23829866.1
}