{
  "epoch": 12,
  "eval_loss": 12915.03515625,
  "reconstruction_mse": 12915.03515625,
  "train_loss": 82761.47978515625,
  "weighted_residual_mean": 23829866.1
}