{
  "amplitude_bias": -105.42242431640625,
  "amplitude_corr": 0.9696914274064381,
  "amplitude_rmse": 105.47768493752041,
  "eval_loss": 5983537.749185667,
  "n_test_batches": 20,
  "n_test_examples": 307,
  "of_metrics_status": "ok",
  "of_mode": "shifted",
  "of_reference_amplitude_rmse": 93.8247254683462,
  "of_reference_timing_rmse": 0.0,
  "reconstruction_mse": 14620018.938110748,
  "timing_bias": -4034.90869140625,
  "timing_rmse": 4034.9088123250694,
  "weighted_residual_mean": 5983537.749185667
}