{
  "eval_loss": 4103356.345276873,
  "n_test_batches": 20,
  "n_test_examples": 307,
  "of_metrics_status": "skipped_missing_template",
  "reconstruction_mse": 12406840.185667753,
  "weighted_residual_mean": 4103356.345276873
}