{
  "epoch": 40,
  "eval_loss": 3237154.1,
  "reconstruction_mse": 29399773.1,
  "train_grad_norm": 12438254995.911112,
  "train_loss": 4307135.194444444,
  "weighted_residual_mean": 3237154.1
}