{
  "epoch": 24,
  "eval_loss": 1606.1788208007813,
  "reconstruction_mse": 35916580.8,
  "train_grad_norm": 18599385.144444443,
  "train_loss": 2069.3055786132813,
  "weighted_residual_mean": 1606178.74375
}