{
  "epoch": 18,
  "eval_loss": 4103356.345276873,
  "reconstruction_mse": 12406840.185667753,
  "train_grad_norm": 20506899524.266666,
  "train_loss": 8993972.715481171,
  "weighted_residual_mean": 4103356.345276873
}