{
  "epoch": 19,
  "eval_loss": 5983537.749185667,
  "reconstruction_mse": 14620018.938110748,
  "train_grad_norm": 24513490750.577778,
  "train_loss": 12590590.89818689,
  "weighted_residual_mean": 5983537.749185667
}