{
  "amplitude_bias": -707.0919799804688,
  "amplitude_corr": 0.05547926374632432,
  "amplitude_rmse": 709.6565423272193,
  "eval_loss": 206612284.46753246,
  "n_test_batches": 77,
  "n_test_examples": 307,
  "of_metrics_status": "ok",
  "of_mode": "shifted",
  "of_reference_amplitude_rmse": 698.0660537752525,
  "of_reference_timing_rmse": 0.0,
  "reconstruction_mse": 20196270.545454547,
  "timing_bias": -4034.90869140625,
  "timing_rmse": 4034.9088123250694,
  "weighted_residual_mean": 206612284.46753246
}