{
  "epoch": 40,
  "eval_loss": 206612284.46753246,
  "reconstruction_mse": 20196270.545454547,
  "train_grad_norm": 14242639518.306406,
  "train_loss": 223560440.73537603,
  "weighted_residual_mean": 206612284.46753246
}