{
  "amplitude_bias": -10385.4619140625,
  "amplitude_corr": 0.9415679507270924,
  "amplitude_rmse": 10385.46557603063,
  "eval_loss": 5172000691585024.0,
  "n_test_batches": 3,
  "n_test_examples": 39,
  "of_metrics_status": "ok",
  "of_mode": "shifted",
  "of_reference_amplitude_rmse": 10374.266803232444,
  "of_reference_timing_rmse": 168.0,
  "reconstruction_mse": 31223029.333333332,
  "timing_bias": -3866.871826171875,
  "timing_rmse": 3866.871809323861,
  "weighted_residual_mean": 5172000691585024.0
}