epoch,train_loss,eval_loss,weighted_residual_mean,reconstruction_mse
1,3.668239474252177e+19,8.473242983139482e+19,8.473242983139482e+19,31218472.666666668
