{
  "epoch": 1,
  "eval_loss": 8.474322850159508e+19,
  "reconstruction_mse": 31223029.333333332,
  "train_loss": 3.668239474252177e+19,
  "weighted_residual_mean": 8.474322850159508e+19
}