{
  "eval_loss": 817.5916680450937,
  "n_test_batches": 20,
  "n_test_examples": 307,
  "of_metrics_status": "skipped_missing_template",
  "reconstruction_mse": 817.5916680450937,
  "weighted_residual_mean": 19956470.25407166
}