{
  "amplitude_bias": -189.1928253173828,
  "amplitude_corr": 0.9698688832044002,
  "amplitude_rmse": 189.22337858410307,
  "eval_loss": 9373.866007354438,
  "n_test_batches": 20,
  "n_test_examples": 307,
  "of_metrics_status": "ok",
  "of_mode": "shifted",
  "of_reference_amplitude_rmse": 177.58453823418415,
  "of_reference_timing_rmse": 0.0,
  "reconstruction_mse": 9373.866007354438,
  "timing_bias": -4034.90869140625,
  "timing_rmse": 4034.9088123250694,
  "weighted_residual_mean": 2406327.260586319
}