{
  "epoch": 6,
  "eval_loss": 8434.619970703125,
  "reconstruction_mse": 8434.619970703125,
  "train_grad_norm": 5924636.161111111,
  "train_loss": 4070.2529025607637,
  "weighted_residual_mean": 2283643.4375
}