{
  "epoch": 18,
  "eval_loss": 817.5916680450937,
  "reconstruction_mse": 817.5916680450937,
  "train_grad_norm": 38464959.14444444,
  "train_loss": 151755.26300847178,
  "weighted_residual_mean": 19956470.25407166
}