{
  "epoch": 9,
  "eval_loss": 9373.866007354438,
  "reconstruction_mse": 9373.866007354438,
  "train_grad_norm": 15456810.533333333,
  "train_loss": 20486.38729012834,
  "weighted_residual_mean": 2406327.260586319
}