{
  "epoch": 17,
  "eval_loss": 20757.64599609375,
  "reconstruction_mse": 20757.64599609375,
  "train_grad_norm": 24960373.23888889,
  "train_loss": 57421.97838880751,
  "weighted_residual_mean": 5570992.95
}