{
  "amplitude_bias": -9820.0615234375,
  "amplitude_corr": 0.0673941151847476,
  "amplitude_rmse": 9837.621962159645,
  "eval_loss": 23320303.282051284,
  "n_test_batches": 39,
  "n_test_examples": 307,
  "of_metrics_status": "ok",
  "of_mode": "shifted",
  "of_reference_amplitude_rmse": 9826.017015334639,
  "of_reference_timing_rmse": 1563.348264075626,
  "reconstruction_mse": 23320303.282051284,
  "timing_bias": -4713.185546875,
  "timing_corr": -0.07539504150476681,
  "timing_rmse": 4919.166337834429,
  "weighted_residual_mean": 570879132417627.9
}