{
  "epoch": 1,
  "eval_loss": 26708577.53846154,
  "reconstruction_mse": 26708577.53846154,
  "train_loss": 29923517.31111111,
  "weighted_residual_mean": 9.726996910043441e+18
}