{
  "amplitude_bias": -20.170230865478516,
  "amplitude_corr": 0.9695933912152928,
  "amplitude_rmse": 20.461093732894348,
  "eval_loss": 1667280.86875,
  "n_test_batches": 20,
  "n_test_examples": 307,
  "of_metrics_status": "ok",
  "of_mode": "shifted",
  "of_reference_amplitude_rmse": 8.6527406792178,
  "of_reference_timing_rmse": 0.0,
  "reconstruction_mse": 28976765.7,
  "timing_bias": -4034.90869140625,
  "timing_rmse": 4034.9088123250694,
  "weighted_residual_mean": 1667280.86875
}