{
  "epoch": 45,
  "eval_loss": 1667280.86875,
  "reconstruction_mse": 28976765.7,
  "train_loss": 2275939.813888889,
  "weighted_residual_mean": 1667280.86875
}