{
  "amplitude_bias": -544.1728515625,
  "amplitude_corr": 0.11682200910326639,
  "amplitude_rmse": 545.1401757203386,
  "eval_loss": 146354939.84415585,
  "n_test_batches": 77,
  "n_test_examples": 307,
  "of_metrics_status": "ok",
  "of_mode": "shifted",
  "of_reference_amplitude_rmse": 533.5373117721714,
  "of_reference_timing_rmse": 0.0,
  "reconstruction_mse": 21143706.441558443,
  "timing_bias": -4034.90869140625,
  "timing_rmse": 4034.9088123250694,
  "weighted_residual_mean": 146354939.84415585
}