{
  "epoch": 80,
  "eval_loss": 146354939.84415585,
  "reconstruction_mse": 21143706.441558443,
  "train_grad_norm": 7876245649.470752,
  "train_loss": 160182877.10306406,
  "weighted_residual_mean": 146354939.84415585
}