noise_type,method,weighted_residual_mean,weighted_residual_std,reconstruction_mse_clean,amplitude_rmse
white,EMPCA,2687.392724028972,718.096185164922,2982.788720626712,3.500164238815235
white,PCA,93084019.93924935,41302291.65024856,61267.11065847311,3.227159591813692
pink,EMPCA,2366.270000526078,210.8957841132138,2983.4636229223274,3.3927762344007846
pink,PCA,168002.26312067645,93915.78054123838,3946.079834865541,4.011908615174618
brownian,EMPCA,10244.423256651024,4661.378228887559,3038.1550617585685,19.73835712585007
brownian,PCA,1008707.8903909154,797242.2905943865,5442.061918190174,14.558071028313227
