metric_mode,full,restricted
mahalanobis,105.47768493752041,100.45002230351524
mse,27.19063413401636,189.22337858410307
