metric_mode,full,restricted
mahalanobis,14620018.938110748,6138689.975570032
mse,16303.84746539088,9373.866007354438
