metric_mode,full,restricted
mahalanobis,29399773.1,31006211.4
mse,1885.0134582519531,20757.64599609375
