metric_mode,full,restricted
mahalanobis,35916580.8,3880159.05
mse,3756.77275390625,8434.619970703125
