metric_mode,full,restricted
mahalanobis,12406840.185667753,47002217.39413681
mse,4328.483627468445,817.5916680450937
