metric_mode,full,restricted
mahalanobis,4103356.345276873,4292078.946254072
mse,180763614.43648207,19956470.25407166
