metric_mode,full,restricted
mahalanobis,5983537.749185667,9974919.586319217
mse,629889355.257329,2406327.260586319
