{
  "eval_loss": 4328.483627468445,
  "n_test_batches": 20,
  "n_test_examples": 307,
  "of_metrics_status": "skipped_missing_template",
  "reconstruction_mse": 4328.483627468445,
  "weighted_residual_mean": 180763614.43648207
}