{
  "amplitude_bias": 26.975200653076172,
  "amplitude_corr": 0.9698979387942412,
  "amplitude_rmse": 27.19063413401636,
  "eval_loss": 16303.84746539088,
  "n_test_batches": 20,
  "n_test_examples": 307,
  "of_metrics_status": "ok",
  "of_mode": "shifted",
  "of_reference_amplitude_rmse": 38.64963648372225,
  "of_reference_timing_rmse": 0.0,
  "reconstruction_mse": 16303.84746539088,
  "timing_bias": -4034.90869140625,
  "timing_rmse": 4034.9088123250694,
  "weighted_residual_mean": 629889355.257329
}