{
  "eval_loss": 1885.0134582519531,
  "n_test_batches": 20,
  "n_test_examples": 307,
  "of_metrics_status": "skipped_missing_template",
  "reconstruction_mse": 1885.0134582519531,
  "weighted_residual_mean": 1332301.98125
}