epoch,train_loss,train_grad_norm,eval_loss,weighted_residual_mean,reconstruction_mse
1,6721329.474263424,110518874.23888889,16299.547390319625,629883250.6579804,16299.547390319625
2,43534.09605724808,19596870.35,52946.608687907166,52794077.10749186,52946.608687907166
3,49062.02565213128,21821494.14722222,51014.510802626224,27944753.57654723,51014.510802626224
4,50081.44629927759,21409461.91527778,78405.89304254887,20025737.863192182,78405.89304254887
5,44103.32407369574,20775110.877777778,65894.15719157166,30649700.312703583,65894.15719157166
6,42263.25525600375,20316633.850694444,75047.12405842834,13944686.661237786,75047.12405842834
7,41009.67630698658,20016800.408333335,75755.37138640066,12345096.006514657,75755.37138640066
8,40063.741610006975,19740883.30277778,26311.428453277687,37725658.397394136,26311.428453277687
9,38580.12261716026,19479482.441666666,44302.69902789088,189972248.70358306,44302.69902789088
