{
  "epoch": 1,
  "eval_loss": 16303.84746539088,
  "reconstruction_mse": 16303.84746539088,
  "train_grad_norm": 110518874.23888889,
  "train_loss": 6721329.474263424,
  "weighted_residual_mean": 629889355.257329
}