{
  "epoch": 11,
  "eval_loss": 1885.0134582519531,
  "reconstruction_mse": 1885.0134582519531,
  "train_grad_norm": 22159989.933333334,
  "train_loss": 49687.78289930556,
  "weighted_residual_mean": 1332301.98125
}