{
  "epoch": 6,
  "eval_loss": 4328.483627468445,
  "reconstruction_mse": 4328.483627468445,
  "train_grad_norm": 12392165.133333333,
  "train_loss": 16072.548089914575,
  "weighted_residual_mean": 180763614.43648207
}