{
  "epoch": 13,
  "eval_loss": 3756.77275390625,
  "reconstruction_mse": 3756.77275390625,
  "train_grad_norm": 19610940.36388889,
  "train_loss": 42376.46203681098,
  "weighted_residual_mean": 1610196.3125
}