{
  "amplitude_bias": -10421.671875,
  "amplitude_corr": -0.19148084794659134,
  "amplitude_rmse": 10421.680981574847,
  "eval_loss": 648443096098406.4,
  "n_test_batches": 20,
  "n_test_examples": 307,
  "of_metrics_status": "ok",
  "of_mode": "shifted",
  "of_reference_amplitude_rmse": 10410.060756100233,
  "of_reference_timing_rmse": 16283.0,
  "reconstruction_mse": 31185942.3,
  "timing_bias": -20317.908203125,
  "timing_rmse": 20317.908798270884,
  "weighted_residual_mean": 648443096098406.4
}