{
  "epoch": 80,
  "eval_loss": 1.0624740178434353e+19,
  "reconstruction_mse": 31185942.3,
  "train_loss": 1.0624233865546557e+19,
  "weighted_residual_mean": 1.0624740178434353e+19
}