{
  "amplitude_bias": -9790.0419921875,
  "amplitude_corr": 0.969212690129825,
  "amplitude_rmse": 9790.050215001083,
  "eval_loss": 6.212919623889715e+16,
  "n_test_batches": 20,
  "n_test_examples": 307,
  "of_metrics_status": "ok",
  "of_mode": "shifted",
  "of_reference_amplitude_rmse": 9778.429965833182,
  "of_reference_timing_rmse": 9.0,
  "reconstruction_mse": 39793099.4,
  "timing_bias": -4025.90869140625,
  "timing_rmse": 4025.908812364273,
  "weighted_residual_mean": 6.212919623889715e+16
}