{
  "epoch": 80,
  "eval_loss": 1.0179868938160742e+21,
  "reconstruction_mse": 39793099.4,
  "train_loss": 1.0180262483181306e+21,
  "weighted_residual_mean": 1.0179868938160742e+21
}