{
  "empca_iterations_used": 14,
  "median_abs_amplitude_gap": 1.711796247993334,
  "median_relative_amplitude_gap": 0.00020308877729681709,
  "of_statistics": {
    "fisher_information": 8091478559.025512,
    "sigma_amplitude": 1.1116960336407073e-05,
    "variance_crb": 1.2358680712124804e-10
  },
  "of_time_vs_gls_max_abs_diff": 0.006492642614830402,
  "residual_emp_mean": 1.109929989825605e+18,
  "residual_ks": {
    "pvalue": 0.0,
    "statistic": 1.0
  },
  "residual_of_mean": 5.348425931554695e+17,
  "source": "real_local",
  "trace_candidate_reports": [
    {
      "available_keys": [
        "traces"
      ],
      "dtype": "float64",
      "error": null,
      "exists": true,
      "matched_key": "traces",
      "path": "data/k_alpha_traces.h5",
      "readable": true,
      "shape": [
        4358,
        32768
      ]
    }
  ],
  "weighted_cosine_rank1": 0.7558386456148195
}