{
  "of_stats": {
    "fisher_information": 10198787319.001135,
    "sigma_amplitude": 9.902064076918059e-06,
    "variance_crb": 9.805087298339109e-11
  },
  "summary": {
    "amplitude_correlation": 0.9999986019638476,
    "empca_iterations": 14,
    "median_relative_error": 1.0498021296135452e-05,
    "residual_ks_pvalue": 0.0029461690348015286,
    "residual_ks_statistic": 0.13020833333333334,
    "rq_alignment_median_abs_diff": 0.9524219386112236,
    "shapiro_pvalue": 8.062553229215563e-12,
    "sigma_obs": 10.919984311126663,
    "sigma_pred": 9.902064076918059e-06,
    "sigma_relative_error": 0.9999990932162726,
    "weighted_cosine_rank1": 0.9999952429989809
  }
}