{
  "rows": [
    {
      "k": 1,
      "ks_pvalue": 1.0,
      "ks_statistic": 0.03125,
      "principal_angle_cosines": [
        0.9999999999999999
      ],
      "principal_angles_deg": [
        8.537736462515939e-07
      ],
      "relative_mean_diff": 0.0,
      "residual_mean_a": 45540.166430601836,
      "residual_mean_b": 45540.166430601836
    },
    {
      "k": 2,
      "ks_pvalue": 1.0913312529929464e-18,
      "ks_statistic": 1.0,
      "principal_angle_cosines": [
        1.0,
        0.9999999999999966
      ],
      "principal_angles_deg": [
        0.0,
        4.7536104815230715e-06
      ],
      "relative_mean_diff": 1.8362504349607587,
      "residual_mean_a": 107133.19203206654,
      "residual_mean_b": 37772.82524543669
    },
    {
      "k": 3,
      "ks_pvalue": 1.0913312529929464e-18,
      "ks_statistic": 1.0,
      "principal_angle_cosines": [
        1.0,
        1.0,
        0.9999999999999958
      ],
      "principal_angles_deg": [
        0.0,
        0.0,
        5.263014220319208e-06
      ],
      "relative_mean_diff": 5.389898322171234,
      "residual_mean_a": 227991.5494435383,
      "residual_mean_b": 35679.99644884313
    }
  ]
}