{
  "best_k_weighted": 6,
  "gain_at_k1": -3.832717408447679e-06,
  "max_gain": 0.9999995007106668,
  "source": "synthetic_rankk"
}