{
  "amplitude_ranges": [
    [
      0.9,
      1.1
    ],
    [
      0.7,
      1.3
    ]
  ],
  "best_weighted_cosine": 0.9999999948596735,
  "median_emp_truth_rmse": 1.0514811007686604e-05,
  "sample_sizes": [
    64,
    128,
    256,
    512
  ]
}