{
  "amplitude_bias": -1783.258056640625,
  "amplitude_corr": 0.941699448299803,
  "amplitude_rmse": 1783.261788236869,
  "eval_loss": 1870275.0416666667,
  "n_test_batches": 3,
  "n_test_examples": 39,
  "of_metrics_status": "ok",
  "of_mode": "shifted",
  "of_reference_amplitude_rmse": 1772.0610840373035,
  "of_reference_timing_rmse": 4.0,
  "reconstruction_mse": 1870275.0416666667,
  "timing_bias": -4030.871826171875,
  "timing_rmse": 4030.8718087358643,
  "weighted_residual_mean": 1.4093994953452202e+16
}