epoch,train_loss,eval_loss,weighted_residual_mean,reconstruction_mse
1,21283541.208333332,1869768.0833333333,2.3085809984090266e+20,1869768.0833333333
