{
  "epoch": 1,
  "eval_loss": 1870275.0416666667,
  "reconstruction_mse": 1870275.0416666667,
  "train_loss": 21283541.208333332,
  "weighted_residual_mean": 2.3093011052244448e+20
}