{
  "amplitude_bias": -43.17018508911133,
  "amplitude_corr": 0.9696871184322763,
  "amplitude_rmse": 43.305900429330336,
  "eval_loss": 426.0134994506836,
  "n_test_batches": 20,
  "n_test_examples": 307,
  "of_metrics_status": "ok",
  "of_mode": "shifted",
  "of_reference_amplitude_rmse": 31.578725371780127,
  "of_reference_timing_rmse": 0.0,
  "reconstruction_mse": 426.0134994506836,
  "timing_bias": -4034.90869140625,
  "timing_rmse": 4034.9088123250694,
  "weighted_residual_mean": 1097557.0375
}