{
  "epoch": 15,
  "eval_loss": 426.0134994506836,
  "reconstruction_mse": 426.0134994506836,
  "train_loss": 9549.508358764648,
  "weighted_residual_mean": 1097557.0375
}