{
  "amplitude_bias": -6134.55810546875,
  "amplitude_corr": 0.9481505008132837,
  "amplitude_rmse": 6134.560677249325,
  "eval_loss": 21344225.333333332,
  "n_test_batches": 3,
  "n_test_examples": 39,
  "of_metrics_status": "ok",
  "of_mode": "shifted",
  "of_reference_amplitude_rmse": 6123.361690437116,
  "of_reference_timing_rmse": 29.0,
  "reconstruction_mse": 21344225.333333332,
  "timing_bias": -4063.871826171875,
  "timing_rmse": 4063.8718086232834,
  "weighted_residual_mean": 1.4004085181819562e+16
}