epoch,train_loss,eval_loss,weighted_residual_mean,reconstruction_mse
1,27046616.833333332,21341113.333333332,2.2943268710259186e+20,21341113.333333332
