{
  "epoch": 1,
  "eval_loss": 21344225.333333332,
  "reconstruction_mse": 21344225.333333332,
  "train_loss": 27046616.833333332,
  "weighted_residual_mean": 2.2945693499902306e+20
}