{
  "amplitude_bias": -40.80101776123047,
  "amplitude_corr": 0.9623613755922719,
  "amplitude_rmse": 40.98105665902016,
  "eval_loss": 278.84947662353517,
  "n_test_batches": 20,
  "n_test_examples": 307,
  "of_metrics_status": "ok",
  "of_mode": "shifted",
  "of_reference_amplitude_rmse": 29.253346880230342,
  "of_reference_timing_rmse": 0.0,
  "reconstruction_mse": 278.84947662353517,
  "timing_bias": -4034.90869140625,
  "timing_rmse": 4034.9088123250694,
  "weighted_residual_mean": 143361773568.0
}