{
  "epoch": 20,
  "eval_loss": 278.84947662353517,
  "reconstruction_mse": 278.84947662353517,
  "train_loss": 3554.0293365478515,
  "weighted_residual_mean": 2348982709780480.0
}