{
  "amplitude_bias": -100.3925552368164,
  "amplitude_corr": 0.9699952647753196,
  "amplitude_rmse": 100.45002230351524,
  "eval_loss": 9974919.586319217,
  "n_test_batches": 20,
  "n_test_examples": 307,
  "of_metrics_status": "ok",
  "of_mode": "shifted",
  "of_reference_amplitude_rmse": 88.79590008882974,
  "of_reference_timing_rmse": 0.0,
  "reconstruction_mse": 6138689.975570032,
  "timing_bias": -4034.90869140625,
  "timing_rmse": 4034.9088123250694,
  "weighted_residual_mean": 9974919.586319217
}