{
  "eval_loss": 4292078.946254072,
  "n_test_batches": 20,
  "n_test_examples": 307,
  "of_metrics_status": "skipped_missing_template",
  "reconstruction_mse": 47002217.39413681,
  "weighted_residual_mean": 4292078.946254072
}