{
  "coverage_fields": [
    "amplitude",
    "t0"
  ],
  "coverage_mode": "restricted",
  "coverage_quantile_high": 0.8,
  "coverage_quantile_low": 0.2,
  "fields": {
    "amplitude": {
      "mean_before": 10419.16015625,
      "quantile_high_value": 10427.497265625,
      "quantile_low_value": 10407.0126953125,
      "std_before": 13.621676445007324
    },
    "t0": {
      "mean_before": 4033.611572265625,
      "quantile_high_value": 4035.0,
      "quantile_low_value": 4035.0,
      "std_before": 48.49232482910156
    }
  },
  "train_fraction_retained": 0.49581589958158995,
  "train_n_after": 711,
  "train_n_before": 1434
}