{
  "epoch": 26,
  "eval_loss": 3510.337854003906,
  "reconstruction_mse": 3880159.05,
  "train_grad_norm": 23476554.51111111,
  "train_loss": 4413.482663302952,
  "weighted_residual_mean": 3510337.675
}