{
  "epoch": 40,
  "eval_loss": 37201414.2,
  "reconstruction_mse": 31006211.4,
  "train_grad_norm": 29769912376.88889,
  "train_loss": 80877671.97777778,
  "weighted_residual_mean": 37201414.2
}