{
  "epoch": 9,
  "eval_loss": 9974919.586319217,
  "reconstruction_mse": 6138689.975570032,
  "train_grad_norm": 67224571039.28889,
  "train_loss": 53499079.45991561,
  "weighted_residual_mean": 9974919.586319217
}