{
  "epoch": 26,
  "eval_loss": 4292078.946254072,
  "reconstruction_mse": 47002217.39413681,
  "train_grad_norm": 30014208273.066666,
  "train_loss": 16437963.195499297,
  "weighted_residual_mean": 4292078.946254072
}