{
  "amplitude_bias": -110.14810943603516,
  "amplitude_corr": 0.9699468150794515,
  "amplitude_rmse": 110.20054054068036,
  "eval_loss": 3141.6523559570314,
  "n_test_batches": 20,
  "n_test_examples": 307,
  "of_metrics_status": "ok",
  "of_mode": "shifted",
  "of_reference_amplitude_rmse": 98.54903345494068,
  "of_reference_timing_rmse": 0.0,
  "reconstruction_mse": 3141.6523559570314,
  "timing_bias": -4034.90869140625,
  "timing_rmse": 4034.9088123250694,
  "weighted_residual_mean": 3591785637478.4
}