{
  "epoch": 22,
  "eval_loss": 3141.6523559570314,
  "reconstruction_mse": 3141.6523559570314,
  "train_loss": 10555.960766601562,
  "weighted_residual_mean": 5.885140798034411e+16
}